{
  "regions": [
    { "area": "tohoku",   "label": "東北", "top": "Hokkaido",  "bottom": "Fukushima" },
    { "area": "kanto",    "label": "関東", "top": "Ibaraki",   "bottom": "Kanagawa"  },
    { "area": "hokuriku", "label": "北陸", "top": "Niigata",   "bottom": "Fukui"     },
    { "area": "tokai",    "label": "東海", "top": "Yamanashi", "bottom": "Mie"       },
    { "area": "kansai",   "label": "関西", "top": "Shiga",     "bottom": "Wakayama"  },
    { "area": "chugoku",  "label": "中国", "top": "Tottori",   "bottom": "Yamaguchi" },
    { "area": "shikoku",  "label": "四国", "top": "Tokushima", "bottom": "Kochi"     },
    { "area": "kyushu",   "label": "九州", "top": "Fukuoka",   "bottom": "Okinawa"   }
  ],
  "locations": {
    "Hokkaido":  { "code": 1,  "area": "tohoku",   "name": "Hokkaido",  "label": "北海道" },
    "Aomori":    { "code": 2,  "area": "tohoku",   "name": "Aomori",    "label": "青森県" },
    "Iwate":     { "code": 3,  "area": "tohoku",   "name": "Iwate",     "label": "岩手県" },
    "Miyagi":    { "code": 4,  "area": "tohoku",   "name": "Miyagi",    "label": "宮城県" },
    "Akita":     { "code": 5,  "area": "tohoku",   "name": "Akita",     "label": "秋田県" },
    "Yamagata":  { "code": 6,  "area": "tohoku",   "name": "Yamagata",  "label": "山形県" },
    "Fukushima": { "code": 7,  "area": "tohoku",   "name": "Fukushima", "label": "福島県" },
    "Ibaraki":   { "code": 8,  "area": "kanto",    "name": "Ibaraki",   "label": "茨城県" },
    "Tochigi":   { "code": 9,  "area": "kanto",    "name": "Tochigi",   "label": "栃木県" },
    "Gunma":     { "code": 10, "area": "kanto",    "name": "Gunma",     "label": "群馬県" },
    "Saitama":   { "code": 11, "area": "kanto",    "name": "Saitama",   "label": "埼玉県" },
    "Chiba":     { "code": 12, "area": "kanto",    "name": "Chiba",     "label": "千葉県" },
    "Tokyo":     { "code": 13, "area": "kanto",    "name": "Tokyo",     "label": "東京都" },
    "Kanagawa":  { "code": 14, "area": "kanto",    "name": "Kanagawa",  "label": "神奈川県" },
    "Niigata":   { "code": 15, "area": "hokuriku", "name": "Niigata",   "label": "新潟県" },
    "Toyama":    { "code": 16, "area": "hokuriku", "name": "Toyama",    "label": "富山県" },
    "Ishikawa":  { "code": 17, "area": "hokuriku", "name": "Ishikawa",  "label": "石川県" },
    "Fukui":     { "code": 18, "area": "hokuriku", "name": "Fukui",     "label": "福井県" },
    "Yamanashi": { "code": 19, "area": "hokuriku", "name": "Yamanashi", "label": "山梨県" },
    "Nagano":    { "code": 20, "area": "tokai",    "name": "Nagano",    "label": "長野県" },
    "Gifu":      { "code": 21, "area": "tokai",    "name": "Gifu",      "label": "岐阜県" },
    "Shizuoka":  { "code": 22, "area": "tokai",    "name": "Shizuoka",  "label": "静岡県" },
    "Aichi":     { "code": 23, "area": "tokai",    "name": "Aichi",     "label": "愛知県" },
    "Mie":       { "code": 24, "area": "tokai",    "name": "Mie",       "label": "三重県" },
    "Shiga":     { "code": 25, "area": "kansai",   "name": "Shiga",     "label": "滋賀県" },
    "Kyoto":     { "code": 26, "area": "kansai",   "name": "Kyoto",     "label": "京都府" },
    "Osaka":     { "code": 27, "area": "kansai",   "name": "Osaka",     "label": "大阪府" },
    "Hyogo":     { "code": 28, "area": "kansai",   "name": "Hyogo",     "label": "兵庫県" },
    "Nara":      { "code": 29, "area": "kansai",   "name": "Nara",      "label": "奈良県" },
    "Wakayama":  { "code": 30, "area": "kansai",   "name": "Wakayama",  "label": "和歌山県" },
    "Tottori":   { "code": 31, "area": "chugoku",  "name": "Tottori",   "label": "鳥取県" },
    "Shimane":   { "code": 32, "area": "chugoku",  "name": "Shimane",   "label": "島根県" },
    "Okayama":   { "code": 33, "area": "chugoku",  "name": "Okayama",   "label": "岡山県" },
    "Hiroshima": { "code": 34, "area": "chugoku",  "name": "Hiroshima", "label": "広島県" },
    "Yamaguchi": { "code": 35, "area": "chugoku",  "name": "Yamaguchi", "label": "山口県" },
    "Tokushima": { "code": 36, "area": "shikoku",  "name": "Tokushima", "label": "徳島県" },
    "Kagawa":    { "code": 37, "area": "shikoku",  "name": "Kagawa",    "label": "香川県" },
    "Ehime":     { "code": 38, "area": "shikoku",  "name": "Ehime",     "label": "愛媛県" },
    "Kochi":     { "code": 39, "area": "shikoku",  "name": "Kochi",     "label": "高知県" },
    "Fukuoka":   { "code": 40, "area": "kyushu",   "name": "Fukuoka",   "label": "福岡県" },
    "Saga":      { "code": 41, "area": "kyushu",   "name": "Saga",      "label": "佐賀県" },
    "Nagasaki":  { "code": 42, "area": "kyushu",   "name": "Nagasaki",  "label": "長崎県" },
    "Kumamoto":  { "code": 43, "area": "kyushu",   "name": "Kumamoto",  "label": "熊本県" },
    "Oita":      { "code": 44, "area": "kyushu",   "name": "Oita",      "label": "大分県" },
    "Miyazaki":  { "code": 45, "area": "kyushu",   "name": "Miyazaki",  "label": "宮崎県" },
    "Kagoshima": { "code": 46, "area": "kyushu",   "name": "Kagoshima", "label": "鹿児島県" },
    "Okinawa":   { "code": 47, "area": "kyushu",   "name": "Okinawa",   "label": "沖縄県" }
  }
}
